image,label
Dataset/2_241_gel.wav.png,gel
Dataset/2_580_voi.wav.png,voi
Dataset/0_214_pia_sax.wav.png,pia
Dataset/0_198_voi.wav.png,voi
Dataset/0_144_gel_voi.wav.png,gel
Dataset/2_613_pia_vio_voi.wav.png,pia
Dataset/0_496_flu_gac.wav.png,flu
Dataset/2_67_pia.wav.png,pia
Dataset/0_717_gel_org_sax.wav.png,gel
Dataset/0_592_flu_gel_pia.wav.png,flu
Dataset/0_552_voi.wav.png,voi
Dataset/2_714_gac_voi.wav.png,gac
Dataset/0_540_gel_pia.wav.png,gel
Dataset/2_472_gel.wav.png,gel
Dataset/0_93_pia_voi.wav.png,pia
Dataset/2_673_cla.wav.png,cla
Dataset/2_663_cla_vio.wav.png,cla
Dataset/0_509_gac_vio.wav.png,gac
Dataset/2_10_cel_vio.wav.png,cel
Dataset/2_283_pia.wav.png,pia
Dataset/0_597_flu_gel_pia_tru.wav.png,flu
Dataset/0_453_pia_sax_tru.wav.png,pia
Dataset/0_61_pia.wav.png,pia
Dataset/0_133_gac_org.wav.png,gac
Dataset/2_324_pia.wav.png,pia
Dataset/0_786_pia_sax_tru.wav.png,pia
Dataset/2_596_cla.wav.png,cla
Dataset/2_637_voi.wav.png,voi
Dataset/0_686_pia_tru.wav.png,pia
Dataset/2_624_pia_voi.wav.png,pia
Dataset/0_429_gac_voi.wav.png,gac
Dataset/2_559_voi.wav.png,voi
Dataset/2_142_gel_voi.wav.png,gel
Dataset/2_127_voi.wav.png,voi
Dataset/2_49_gel_org_voi.wav.png,gel
Dataset/0_253_pia.wav.png,pia
Dataset/0_237_gel_pia_sax.wav.png,gel
Dataset/0_695_pia.wav.png,pia
Dataset/0_77_pia.wav.png,pia
Dataset/2_240_gel_voi.wav.png,gel
Dataset/0_103_pia.wav.png,pia
Dataset/0_734_gel.wav.png,gel
Dataset/0_418_gel_org.wav.png,gel
Dataset/2_508_gel_org.wav.png,gel
Dataset/2_38_tru.wav.png,tru
Dataset/2_177_gel_voi.wav.png,gel
Dataset/2_351_pia.wav.png,pia
Dataset/2_649_org.wav.png,org
Dataset/0_689_pia.wav.png,pia
Dataset/0_97_pia_voi.wav.png,pia
Dataset/0_795_cla.wav.png,cla
Dataset/2_716_flu_gel_sax.wav.png,flu
Dataset/2_87_pia_sax_tru.wav.png,pia
Dataset/2_630_pia_voi.wav.png,pia
Dataset/0_218_pia_sax.wav.png,pia
Dataset/2_48_gel_org_voi.wav.png,gel
Dataset/2_386_pia.wav.png,pia
Dataset/2_305_vio.wav.png,vio
Dataset/2_17_gac_gel_voi.wav.png,gac
Dataset/0_417_gel_org.wav.png,gel
Dataset/0_581_gel.wav.png,gel
Dataset/0_720_gel_org_sax.wav.png,gel
Dataset/0_316_voi.wav.png,voi
Dataset/0_33_gel_voi.wav.png,gel
Dataset/2_357_pia.wav.png,pia
Dataset/0_704_gel_org.wav.png,gel
Dataset/2_346_pia.wav.png,pia
Dataset/0_147_gel_voi.wav.png,gel
Dataset/2_381_pia.wav.png,pia
Dataset/0_178_pia.wav.png,pia
Dataset/2_598_cla.wav.png,cla
Dataset/0_471_gac_vio.wav.png,gac
Dataset/2_51_org.wav.png,org
Dataset/0_461_sax.wav.png,sax
Dataset/0_230_pia_sax.wav.png,pia
Dataset/2_695_pia.wav.png,pia
Dataset/0_501_gac_vio.wav.png,gac
Dataset/2_212_sax.wav.png,sax
Dataset/0_124_pia_voi.wav.png,pia
Dataset/0_722_gel_org_sax.wav.png,gel
Dataset/0_365_gel_org_sax.wav.png,gel
Dataset/0_122_pia_voi.wav.png,pia
Dataset/2_288_flu_pia.wav.png,flu
Dataset/0_405_pia_sax.wav.png,pia
Dataset/0_589_gel_pia_tru.wav.png,gel
Dataset/0_696_pia.wav.png,pia
Dataset/2_66_pia.wav.png,pia
Dataset/0_213_pia_sax.wav.png,pia
Dataset/0_27_gel.wav.png,gel
Dataset/0_555_gel.wav.png,gel
Dataset/0_450_gel_voi.wav.png,gel
Dataset/2_407_gel_pia_voi.wav.png,gel
Dataset/0_612_gel_voi.wav.png,gel
Dataset/2_546_gel_voi.wav.png,gel
Dataset/0_16_gel_voi.wav.png,gel
Dataset/0_791_cla.wav.png,cla
Dataset/0_106_pia.wav.png,pia
Dataset/2_54_org.wav.png,org
Dataset/2_713_flu_gac_org_pia.wav.png,flu
Dataset/2_228_gel.wav.png,gel
Dataset/2_638_voi.wav.png,voi
Dataset/0_694_pia.wav.png,pia
Dataset/2_547_voi.wav.png,voi
Dataset/0_304_pia.wav.png,pia
Dataset/0_22_voi.wav.png,voi
Dataset/0_266_gel_org.wav.png,gel
Dataset/2_16_gac_gel.wav.png,gac
Dataset/0_480_gac_vio.wav.png,gac
Dataset/0_703_voi.wav.png,voi
Dataset/2_182_gel_org_voi.wav.png,gel
Dataset/2_527_pia_sax.wav.png,pia
Dataset/2_397_gel_org_voi.wav.png,gel
Dataset/2_415_sax.wav.png,sax
Dataset/0_609_gel_voi.wav.png,gel
Dataset/0_428_gac_voi.wav.png,gac
Dataset/2_263_flu_gac.wav.png,flu
Dataset/0_759_gel.wav.png,gel
Dataset/2_374_pia.wav.png,pia
Dataset/2_172_voi.wav.png,voi
Dataset/0_803_gac.wav.png,gac
Dataset/2_101_cla.wav.png,cla
Dataset/0_663_org_voi.wav.png,org
Dataset/0_419_gel_org.wav.png,gel
Dataset/2_526_pia.wav.png,pia
Dataset/2_505_gel_org_voi.wav.png,gel
Dataset/2_116_gac_gel.wav.png,gac
Dataset/2_664_vio.wav.png,vio
Dataset/0_187_pia_sax.wav.png,pia
Dataset/0_580_gel.wav.png,gel
Dataset/2_571_voi.wav.png,voi
Dataset/2_96_pia.wav.png,pia
Dataset/2_589_gac.wav.png,gac
Dataset/2_521_pia_sax.wav.png,pia
Dataset/0_775_pia_sax.wav.png,pia
Dataset/0_488_gac.wav.png,gac
Dataset/2_377_pia.wav.png,pia
Dataset/2_744_flu_gel.wav.png,flu
Dataset/2_704_gac_pia.wav.png,gac
Dataset/2_464_gel.wav.png,gel
Dataset/0_469_gac.wav.png,gac
Dataset/2_128_gel.wav.png,gel
Dataset/0_525_pia.wav.png,pia
Dataset/0_258_pia.wav.png,pia
Dataset/2_700_gac_voi.wav.png,gac
Dataset/2_254_flu_gac_voi.wav.png,flu
Dataset/0_670_pia_sax.wav.png,pia
Dataset/2_35_pia_tru.wav.png,pia
Dataset/0_301_pia.wav.png,pia
Dataset/2_761_gel_org.wav.png,gel
Dataset/2_335_pia.wav.png,pia
Dataset/2_363_pia.wav.png,pia
Dataset/2_253_flu_gac_voi.wav.png,flu
Dataset/2_149_pia_sax.wav.png,pia
Dataset/2_685_vio.wav.png,vio
Dataset/2_269_flu_gac.wav.png,flu
Dataset/0_104_pia.wav.png,pia
Dataset/0_331_cel_vio_voi.wav.png,cel
Dataset/2_515_gel_org.wav.png,gel
Dataset/0_714_gel_org_sax.wav.png,gel
Dataset/0_52_gac_voi.wav.png,gac
Dataset/2_731_gac_gel.wav.png,gac
Dataset/2_336_pia.wav.png,pia
Dataset/2_601_cla.wav.png,cla
Dataset/2_303_vio.wav.png,vio
Dataset/2_632_gel.wav.png,gel
Dataset/2_63_voi.wav.png,voi
Dataset/2_328_pia.wav.png,pia
Dataset/2_47_gel_org_voi.wav.png,gel
Dataset/2_311_vio.wav.png,vio
Dataset/0_44_cel_gel.wav.png,cel
Dataset/2_599_cla.wav.png,cla
Dataset/0_711_gel_org.wav.png,gel
Dataset/0_289_gac_gel_sax_tru.wav.png,gac
Dataset/2_682_vio.wav.png,vio
Dataset/2_542_gel.wav.png,gel
Dataset/2_550_gel_org.wav.png,gel
Dataset/0_250_pia.wav.png,pia
Dataset/0_598_flu_gel_pia_tru.wav.png,flu
Dataset/2_81_pia_tru.wav.png,pia
Dataset/0_732_gel_voi.wav.png,gel
Dataset/2_711_flu_gac_pia.wav.png,flu
Dataset/0_303_pia.wav.png,pia
Dataset/2_492_gac_voi.wav.png,gac
Dataset/2_447_voi.wav.png,voi
Dataset/0_373_gel_sax.wav.png,gel
Dataset/2_236_gel_voi.wav.png,gel
Dataset/2_318_vio.wav.png,vio
Dataset/0_774_pia_sax.wav.png,pia
Dataset/0_296_gac_gel_sax_tru.wav.png,gac
Dataset/2_493_gac.wav.png,gac
Dataset/0_151_gel.wav.png,gel
Dataset/2_78_pia.wav.png,pia
Dataset/0_181_pia.wav.png,pia
Dataset/0_261_pia_sax.wav.png,pia
Dataset/0_688_pia_sax.wav.png,pia
Dataset/0_183_pia_sax.wav.png,pia
Dataset/0_293_gac_gel_sax_tru.wav.png,gac
Dataset/0_255_pia_sax.wav.png,pia
Dataset/0_675_pia.wav.png,pia
Dataset/2_507_gel_org.wav.png,gel
Dataset/2_662_vio.wav.png,vio
Dataset/0_32_gel_org_voi.wav.png,gel
Dataset/0_127_pia.wav.png,pia
Dataset/0_414_pia_sax.wav.png,pia
Dataset/0_260_pia_sax.wav.png,pia
Dataset/0_545_gel_voi.wav.png,gel
Dataset/0_605_flu_pia.wav.png,flu
Dataset/2_693_pia.wav.png,pia
Dataset/0_378_gac.wav.png,gac
Dataset/2_201_org_voi.wav.png,org
Dataset/0_723_gel_org_sax.wav.png,gel
Dataset/2_44_gac_gel_voi.wav.png,gac
Dataset/0_458_pia_sax_tru.wav.png,pia
Dataset/2_99_pia.wav.png,pia
Dataset/0_338_voi.wav.png,voi
Dataset/2_622_cel_pia_voi.wav.png,cel
Dataset/0_254_pia.wav.png,pia
Dataset/2_479_voi.wav.png,voi
Dataset/0_282_gel_sax.wav.png,gel
Dataset/2_718_flu_gel_sax.wav.png,flu
Dataset/2_46_gel_org_voi.wav.png,gel
Dataset/2_668_cla_vio.wav.png,cla
Dataset/2_25_gac_gel.wav.png,gac
Dataset/2_162_gel_voi.wav.png,gel
Dataset/0_206_voi.wav.png,voi
Dataset/0_406_pia_sax.wav.png,pia
Dataset/0_346_cel_vio_voi.wav.png,cel
Dataset/2_184_gel_org_voi.wav.png,gel
Dataset/2_231_gel.wav.png,gel
Dataset/2_105_gac_gel.wav.png,gac
Dataset/0_154_gac.wav.png,gac
Dataset/2_439_gac.wav.png,gac
Dataset/2_454_gel_voi.wav.png,gel
Dataset/0_76_pia_tru.wav.png,pia
Dataset/2_244_gel.wav.png,gel
Dataset/0_225_pia.wav.png,pia
Dataset/0_166_gac.wav.png,gac
Dataset/0_425_gac_voi.wav.png,gac
Dataset/0_215_pia_sax.wav.png,pia
Dataset/2_626_pia_voi.wav.png,pia
Dataset/0_591_gel_pia.wav.png,gel
Dataset/2_452_gac_voi.wav.png,gac
Dataset/0_98_pia_voi.wav.png,pia
Dataset/2_618_cel_pia_voi.wav.png,cel
Dataset/2_650_gel_voi.wav.png,gel
Dataset/0_767_gel_pia.wav.png,gel
Dataset/2_227_gel_voi.wav.png,gel
Dataset/0_396_pia_sax.wav.png,pia
Dataset/2_147_pia.wav.png,pia
Dataset/0_120_voi.wav.png,voi
Dataset/2_697_pia.wav.png,pia
Dataset/0_395_pia_sax.wav.png,pia
Dataset/0_705_gel_org_sax.wav.png,gel
Dataset/2_413_gel_pia.wav.png,gel
Dataset/0_386_gac.wav.png,gac
Dataset/0_517_gel_vio_voi.wav.png,gel
Dataset/2_159_pia.wav.png,pia
Dataset/2_558_voi.wav.png,voi
Dataset/0_706_gel_org.wav.png,gel
Dataset/0_435_gel_voi.wav.png,gel
Dataset/2_449_gac_voi.wav.png,gac
Dataset/0_389_gac.wav.png,gac
Dataset/2_80_pia.wav.png,pia
Dataset/2_444_gac.wav.png,gac
Dataset/2_480_voi.wav.png,voi
Dataset/0_464_voi.wav.png,voi
Dataset/0_169_pia.wav.png,pia
Dataset/0_217_pia_sax.wav.png,pia
Dataset/0_336_cel_vio_voi.wav.png,cel
Dataset/2_555_voi.wav.png,voi
Dataset/0_194_voi.wav.png,voi
Dataset/0_596_pia_tru.wav.png,pia
Dataset/0_23_voi.wav.png,voi
Dataset/2_467_gel_voi.wav.png,gel
Dataset/2_640_gel.wav.png,gel
Dataset/0_165_gac.wav.png,gac
Dataset/2_566_voi.wav.png,voi
Dataset/0_576_gel.wav.png,gel
Dataset/0_709_gel_org.wav.png,gel
Dataset/0_292_gac_gel_sax_tru.wav.png,gac
Dataset/0_240_pia_sax.wav.png,pia
Dataset/0_761_gel_pia.wav.png,gel
Dataset/2_330_pia.wav.png,pia
Dataset/2_86_pia_sax_tru.wav.png,pia
Dataset/2_531_pia.wav.png,pia
Dataset/2_643_org.wav.png,org
Dataset/2_378_pia.wav.png,pia
Dataset/2_57_gel_voi.wav.png,gel
Dataset/2_459_gel_voi.wav.png,gel
Dataset/0_118_pia_voi.wav.png,pia
Dataset/2_90_pia_tru.wav.png,pia
Dataset/2_623_pia_voi.wav.png,pia
Dataset/0_203_voi.wav.png,voi
Dataset/0_392_gac.wav.png,gac
Dataset/0_358_gel_org.wav.png,gel
Dataset/0_226_pia.wav.png,pia
Dataset/0_322_cel_vio_voi.wav.png,cel
Dataset/2_496_gac_voi.wav.png,gac
Dataset/0_800_gac.wav.png,gac
Dataset/0_121_pia_voi.wav.png,pia
Dataset/2_70_pia_voi.wav.png,pia
Dataset/2_654_gel_voi.wav.png,gel
Dataset/0_575_gel.wav.png,gel
Dataset/2_490_gac_voi.wav.png,gac
Dataset/0_560_org_pia.wav.png,org
Dataset/2_392_pia.wav.png,pia
Dataset/0_457_pia_sax_tru.wav.png,pia
Dataset/0_148_gel_voi.wav.png,gel
Dataset/2_395_gel_org_voi.wav.png,gel
Dataset/0_311_pia.wav.png,pia
Dataset/2_722_gel.wav.png,gel
Dataset/2_88_pia_tru.wav.png,pia
Dataset/2_530_pia.wav.png,pia
Dataset/0_629_pia_sax.wav.png,pia
Dataset/2_406_gel.wav.png,gel
Dataset/2_625_pia_voi.wav.png,pia
Dataset/2_198_org_voi.wav.png,org
Dataset/2_579_voi.wav.png,voi
Dataset/2_745_flu_gel_vio.wav.png,flu
Dataset/0_482_gac.wav.png,gac
Dataset/0_538_gel.wav.png,gel
Dataset/0_549_voi.wav.png,voi
Dataset/2_45_gel_voi.wav.png,gel
Dataset/0_497_gac.wav.png,gac
Dataset/0_232_gel_pia_voi.wav.png,gel
Dataset/0_487_gac_vio.wav.png,gac
Dataset/0_702_pia_sax.wav.png,pia
Dataset/0_479_gac_vio.wav.png,gac
Dataset/2_518_gel_org_voi.wav.png,gel
Dataset/2_529_pia_sax.wav.png,pia
Dataset/2_699_pia.wav.png,pia
Dataset/2_83_pia_sax_tru.wav.png,pia
Dataset/0_334_cel_vio_voi.wav.png,cel
Dataset/2_126_voi.wav.png,voi
Dataset/2_34_pia_tru.wav.png,pia
Dataset/0_584_voi.wav.png,voi
Dataset/0_456_pia_sax_tru.wav.png,pia
Dataset/2_755_gel_org.wav.png,gel
Dataset/0_495_flu_gac.wav.png,flu
Dataset/0_563_org_pia.wav.png,org
Dataset/2_337_pia.wav.png,pia
Dataset/0_388_gac.wav.png,gac
Dataset/2_734_gac_gel.wav.png,gac
Dataset/0_344_cel_vio_voi.wav.png,cel
Dataset/2_58_gel_voi.wav.png,gel
Dataset/0_200_voi.wav.png,voi
Dataset/0_195_voi.wav.png,voi
Dataset/0_493_flu_gac.wav.png,flu
Dataset/0_534_gel_pia.wav.png,gel
Dataset/0_719_gel_org_sax.wav.png,gel
Dataset/0_631_pia_sax.wav.png,pia
Dataset/0_285_gac_gel.wav.png,gac
Dataset/2_631_pia_voi.wav.png,pia
Dataset/0_83_pia_sax_tru.wav.png,pia
Dataset/2_666_vio.wav.png,vio
Dataset/2_388_flu.wav.png,flu
Dataset/2_729_gac_gel.wav.png,gac
Dataset/2_71_pia_voi.wav.png,pia
Dataset/2_616_pia.wav.png,pia
Dataset/0_68_pia_tru.wav.png,pia
Dataset/0_319_voi.wav.png,voi
Dataset/2_421_pia_sax.wav.png,pia
Dataset/0_100_pia_voi.wav.png,pia
Dataset/0_45_gel_voi.wav.png,gel
Dataset/0_9_gel_voi.wav.png,gel
Dataset/2_186_gel_org_voi.wav.png,gel
Dataset/2_511_gel_org_voi.wav.png,gel
Dataset/0_84_pia_tru.wav.png,pia
Dataset/0_565_pia_voi.wav.png,pia
Dataset/0_401_pia.wav.png,pia
Dataset/0_60_sax_tru.wav.png,sax
Dataset/2_94_pia.wav.png,pia
Dataset/0_645_pia.wav.png,pia
Dataset/2_691_pia.wav.png,pia
Dataset/0_618_pia.wav.png,pia
Dataset/2_225_gel.wav.png,gel
Dataset/2_759_org.wav.png,org
Dataset/0_126_pia.wav.png,pia
Dataset/2_259_flu_gac.wav.png,flu
Dataset/2_314_vio.wav.png,vio
Dataset/0_698_pia_sax.wav.png,pia
Dataset/0_625_pia.wav.png,pia
Dataset/2_140_gac.wav.png,gac
Dataset/2_404_gel_org_voi.wav.png,gel
Dataset/0_50_gac_voi.wav.png,gac
Dataset/2_55_org.wav.png,org
Dataset/0_681_pia_sax.wav.png,pia
Dataset/2_138_gac.wav.png,gac
Dataset/2_749_voi.wav.png,voi
Dataset/0_674_pia_sax.wav.png,pia
Dataset/2_466_gel_voi.wav.png,gel
Dataset/0_297_gac_tru.wav.png,gac
Dataset/0_646_pia.wav.png,pia
Dataset/0_256_pia.wav.png,pia
Dataset/0_483_gac.wav.png,gac
Dataset/2_582_gac.wav.png,gac
Dataset/2_513_gel_org_voi.wav.png,gel
Dataset/2_372_pia.wav.png,pia
Dataset/0_5_gel_pia.wav.png,gel
Dataset/0_751_gel_pia.wav.png,gel
Dataset/0_485_cel_gac.wav.png,cel
Dataset/2_549_gel_org.wav.png,gel
Dataset/2_7_cel_vio.wav.png,cel
Dataset/2_65_pia_voi.wav.png,pia
Dataset/2_736_gac_gel.wav.png,gac
Dataset/2_232_gel.wav.png,gel
Dataset/0_424_gac_voi.wav.png,gac
Dataset/2_751_gel.wav.png,gel
Dataset/0_798_cla.wav.png,cla
Dataset/2_416_pia_sax.wav.png,pia
Dataset/2_366_pia.wav.png,pia
Dataset/0_422_gac.wav.png,gac
Dataset/0_764_gel_pia.wav.png,gel
Dataset/0_415_gel_org.wav.png,gel
Dataset/2_187_gel_org_voi.wav.png,gel
Dataset/2_262_gac.wav.png,gac
Dataset/0_377_gac.wav.png,gac
Dataset/0_180_pia.wav.png,pia
Dataset/0_668_pia_sax.wav.png,pia
Dataset/2_681_cla_vio.wav.png,cla
Dataset/2_633_gel_voi.wav.png,gel
Dataset/2_425_pia_sax.wav.png,pia
Dataset/2_204_org_voi.wav.png,org
Dataset/0_503_flu_gac.wav.png,flu
Dataset/2_170_gel_pia_voi.wav.png,gel
Dataset/0_412_pia_sax.wav.png,pia
Dataset/0_665_org_voi.wav.png,org
Dataset/2_121_gac_gel.wav.png,gac
Dataset/0_274_gel_org.wav.png,gel
Dataset/0_110_pia_voi.wav.png,pia
Dataset/0_799_gac.wav.png,gac
Dataset/0_449_gel_voi.wav.png,gel
Dataset/2_29_gac_gel_voi.wav.png,gac
Dataset/2_405_gel_org_voi.wav.png,gel
Dataset/2_724_flu_gel_sax.wav.png,flu
Dataset/2_426_pia_sax.wav.png,pia
Dataset/0_765_gel_pia.wav.png,gel
Dataset/0_442_gel_voi.wav.png,gel
Dataset/0_182_pia_sax.wav.png,pia
Dataset/2_568_voi.wav.png,voi
Dataset/2_460_gel_voi.wav.png,gel
Dataset/0_641_pia.wav.png,pia
Dataset/2_448_voi.wav.png,voi
Dataset/0_710_gel_org.wav.png,gel
Dataset/0_700_pia_sax.wav.png,pia
Dataset/0_582_voi.wav.png,voi
Dataset/2_256_flu_gac_voi.wav.png,flu
Dataset/2_333_pia.wav.png,pia
Dataset/0_744_flu_pia.wav.png,flu
Dataset/2_123_voi.wav.png,voi
Dataset/0_460_pia_voi.wav.png,pia
Dataset/2_371_pia.wav.png,pia
Dataset/0_2_gel_voi.wav.png,gel
Dataset/2_712_flu_gac_org_pia.wav.png,flu
Dataset/0_24_voi.wav.png,voi
Dataset/2_137_gac_voi.wav.png,gac
Dataset/0_758_voi.wav.png,voi
Dataset/2_453_gel.wav.png,gel
Dataset/2_420_pia_sax.wav.png,pia
Dataset/0_794_cla.wav.png,cla
Dataset/0_733_gel_voi.wav.png,gel
Dataset/2_230_gel_voi.wav.png,gel
Dataset/2_641_org.wav.png,org
Dataset/0_573_org_pia.wav.png,org
Dataset/2_89_pia_tru.wav.png,pia
Dataset/0_145_gel.wav.png,gel
Dataset/2_30_gac_gel.wav.png,gac
Dataset/2_399_gel.wav.png,gel
Dataset/2_110_gac_gel_pia.wav.png,gac
Dataset/0_59_gac_voi.wav.png,gac
Dataset/2_120_gac_gel.wav.png,gac
Dataset/2_414_gel_pia.wav.png,gel
Dataset/2_437_gac_gel.wav.png,gac
Dataset/2_409_gel_pia.wav.png,gel
Dataset/0_102_pia_voi.wav.png,pia
Dataset/2_160_gel_voi.wav.png,gel
Dataset/2_331_pia.wav.png,pia
Dataset/0_604_pia.wav.png,pia
Dataset/0_112_pia_voi.wav.png,pia
Dataset/0_196_voi.wav.png,voi
Dataset/2_354_pia.wav.png,pia
Dataset/0_667_pia_sax.wav.png,pia
Dataset/2_114_gac_gel.wav.png,gac
Dataset/2_233_gel_voi.wav.png,gel
Dataset/2_1_cel_vio.wav.png,cel
Dataset/2_485_gac.wav.png,gac
Dataset/2_28_gac_gel_voi.wav.png,gac
Dataset/0_477_gac_vio.wav.png,gac
Dataset/0_307_pia_sax.wav.png,pia
Dataset/0_742_pia.wav.png,pia
Dataset/2_715_gac_voi.wav.png,gac
Dataset/0_157_gac.wav.png,gac
Dataset/0_125_pia.wav.png,pia
Dataset/0_3_gel_voi.wav.png,gel
Dataset/0_14_pia_voi.wav.png,pia
Dataset/0_294_gac_gel_sax_tru.wav.png,gac
Dataset/0_486_gac_vio.wav.png,gac
Dataset/0_475_gac_vio.wav.png,gac
Dataset/0_539_gel.wav.png,gel
Dataset/0_462_pia_voi.wav.png,pia
Dataset/2_743_gel_vio_voi.wav.png,gel
Dataset/0_531_gel_pia.wav.png,gel
Dataset/0_559_voi.wav.png,voi
Dataset/2_533_sax.wav.png,sax
Dataset/0_474_gac_vio.wav.png,gac
Dataset/0_616_pia_voi.wav.png,pia
Dataset/0_251_pia.wav.png,pia
Dataset/2_554_gel_org.wav.png,gel
Dataset/2_323_pia.wav.png,pia
Dataset/2_738_gel.wav.png,gel
Dataset/2_217_pia_sax.wav.png,pia
Dataset/0_284_gac_gel.wav.png,gac
Dataset/0_366_gel_org_sax.wav.png,gel
Dataset/0_433_gel_voi.wav.png,gel
Dataset/0_753_flu_pia.wav.png,flu
Dataset/0_529_gel_pia.wav.png,gel
Dataset/2_343_pia.wav.png,pia
Dataset/0_63_pia_tru.wav.png,pia
Dataset/0_30_gel_voi.wav.png,gel
Dataset/0_647_pia.wav.png,pia
Dataset/2_0_cel_vio.wav.png,cel
Dataset/2_100_cla.wav.png,cla
Dataset/0_10_gel.wav.png,gel
Dataset/0_787_pia_sax_tru.wav.png,pia
Dataset/0_662_org_voi.wav.png,org
Dataset/0_78_pia.wav.png,pia
Dataset/0_489_gac_vio.wav.png,gac
Dataset/0_384_gac.wav.png,gac
Dataset/2_544_voi.wav.png,voi
Dataset/2_312_vio.wav.png,vio
Dataset/2_435_gac.wav.png,gac
Dataset/0_51_gac_voi.wav.png,gac
Dataset/2_706_flu_gac_org_pia_voi.wav.png,flu
Dataset/2_327_pia.wav.png,pia
Dataset/0_472_gac_vio.wav.png,gac
Dataset/2_309_vio.wav.png,vio
Dataset/2_290_flu_pia.wav.png,flu
Dataset/2_690_vio.wav.png,vio
Dataset/0_75_pia_tru.wav.png,pia
Dataset/0_343_cel_vio_voi.wav.png,cel
Dataset/2_342_pia.wav.png,pia
Dataset/0_224_pia.wav.png,pia
Dataset/0_359_gel_org_sax.wav.png,gel
Dataset/0_721_gel_org_sax.wav.png,gel
Dataset/0_308_pia_sax.wav.png,pia
Dataset/2_190_org_voi.wav.png,org
Dataset/0_155_gac.wav.png,gac
Dataset/0_650_pia.wav.png,pia
Dataset/0_21_gel_voi.wav.png,gel
Dataset/0_699_pia_sax.wav.png,pia
Dataset/0_275_gac_tru.wav.png,gac
Dataset/2_522_pia_sax.wav.png,pia
Dataset/2_251_flu_gac_voi.wav.png,flu
Dataset/2_536_pia_sax.wav.png,pia
Dataset/2_27_gac_gel.wav.png,gac
Dataset/0_617_pia_voi.wav.png,pia
Dataset/0_716_gel_org_sax.wav.png,gel
Dataset/2_760_gel_org.wav.png,gel
Dataset/2_614_voi.wav.png,voi
Dataset/0_639_pia_sax.wav.png,pia
Dataset/0_381_gac.wav.png,gac
Dataset/2_345_pia.wav.png,pia
Dataset/0_445_gel_voi.wav.png,gel
Dataset/0_427_gac_voi.wav.png,gac
Dataset/0_726_gel.wav.png,gel
Dataset/2_628_pia_voi.wav.png,pia
Dataset/0_756_voi.wav.png,voi
Dataset/0_295_gac_gel_sax_tru.wav.png,gac
Dataset/0_648_pia.wav.png,pia
Dataset/0_632_pia_sax.wav.png,pia
Dataset/2_436_gac_gel.wav.png,gac
Dataset/2_645_voi.wav.png,voi
Dataset/0_342_cel_vio_voi.wav.png,cel
Dataset/2_373_pia.wav.png,pia
Dataset/0_793_cla.wav.png,cla
Dataset/0_476_gac.wav.png,gac
Dataset/2_570_voi.wav.png,voi
Dataset/2_277_pia_sax.wav.png,pia
Dataset/0_685_pia_tru.wav.png,pia
Dataset/2_279_pia_sax_tru.wav.png,pia
Dataset/2_174_gel_voi.wav.png,gel
Dataset/0_137_gac.wav.png,gac
Dataset/2_176_voi.wav.png,voi
Dataset/0_420_voi.wav.png,voi
Dataset/0_642_pia.wav.png,pia
Dataset/2_209_gac_pia.wav.png,gac
Dataset/2_564_voi.wav.png,voi
Dataset/2_757_org.wav.png,org
Dataset/0_673_pia.wav.png,pia
Dataset/0_238_pia.wav.png,pia
Dataset/2_252_gac_voi.wav.png,gac
Dataset/2_15_gac_gel.wav.png,gac
Dataset/0_410_pia_sax.wav.png,pia
Dataset/2_319_vio.wav.png,vio
Dataset/0_583_voi.wav.png,voi
Dataset/2_514_gel_org.wav.png,gel
Dataset/0_470_gac_vio.wav.png,gac
Dataset/2_234_gel.wav.png,gel
Dataset/2_680_vio.wav.png,vio
Dataset/2_539_pia_sax.wav.png,pia
Dataset/0_718_gel_org_sax.wav.png,gel
Dataset/0_152_gac.wav.png,gac
Dataset/0_784_pia_sax_tru.wav.png,pia
Dataset/0_407_pia_sax.wav.png,pia
Dataset/2_242_gel_voi.wav.png,gel
Dataset/0_788_pia.wav.png,pia
Dataset/0_423_gac_voi.wav.png,gac
Dataset/2_532_pia_sax.wav.png,pia
Dataset/0_42_gel.wav.png,gel
Dataset/2_229_gel_voi.wav.png,gel
Dataset/2_451_gac_voi.wav.png,gac
Dataset/0_658_org_voi.wav.png,org
Dataset/0_574_gel_org_pia.wav.png,gel
Dataset/2_401_gel_org_voi.wav.png,gel
Dataset/0_594_pia_tru.wav.png,pia
Dataset/0_416_gel_org.wav.png,gel
Dataset/2_470_gel.wav.png,gel
Dataset/0_300_gel_sax_tru.wav.png,gel
Dataset/2_578_voi.wav.png,voi
Dataset/0_4_gel_voi.wav.png,gel
Dataset/0_267_gel_org.wav.png,gel
Dataset/0_113_pia_voi.wav.png,pia
Dataset/2_667_vio.wav.png,vio
Dataset/2_606_flu_voi.wav.png,flu
Dataset/0_348_cel_vio_voi.wav.png,cel
Dataset/2_155_pia.wav.png,pia
Dataset/0_337_voi.wav.png,voi
Dataset/0_162_gac.wav.png,gac
Dataset/2_316_vio.wav.png,vio
Dataset/2_478_voi.wav.png,voi
Dataset/2_199_org_voi.wav.png,org
Dataset/2_702_gac_voi.wav.png,gac
Dataset/0_56_gac_voi.wav.png,gac
Dataset/0_776_pia_sax.wav.png,pia
Dataset/2_683_cla_vio.wav.png,cla
Dataset/2_740_flu_gel_vio_voi.wav.png,flu
Dataset/0_367_gel_org_sax.wav.png,gel
Dataset/0_638_pia_sax.wav.png,pia
Dataset/0_354_org_sax.wav.png,org
Dataset/0_318_voi.wav.png,voi
Dataset/2_24_gac_gel_voi.wav.png,gac
Dataset/0_341_cel_vio_voi.wav.png,cel
Dataset/0_271_gel_org.wav.png,gel
Dataset/0_138_gac_voi.wav.png,gac
Dataset/2_362_pia.wav.png,pia
Dataset/0_216_pia_sax.wav.png,pia
Dataset/0_588_flu_gel_pia.wav.png,flu
Dataset/0_518_gel_vio_voi.wav.png,gel
Dataset/2_82_pia_sax_tru.wav.png,pia
Dataset/0_204_voi.wav.png,voi
Dataset/2_271_pia_tru.wav.png,pia
Dataset/2_214_pia_sax.wav.png,pia
Dataset/0_229_pia_tru.wav.png,pia
Dataset/2_104_gac_gel.wav.png,gac
Dataset/0_64_pia_tru.wav.png,pia
Dataset/2_294_flu_gel_pia.wav.png,flu
Dataset/0_537_gel_pia.wav.png,gel
Dataset/0_86_pia_sax.wav.png,pia
Dataset/0_272_gel_org.wav.png,gel
Dataset/0_48_gac_voi.wav.png,gac
Dataset/2_557_voi.wav.png,voi
Dataset/2_355_pia.wav.png,pia
Dataset/0_177_pia_sax.wav.png,pia
Dataset/2_753_voi.wav.png,voi
Dataset/2_218_pia_sax.wav.png,pia
Dataset/2_619_cel_pia_vio_voi.wav.png,cel
Dataset/0_514_gac_vio.wav.png,gac
Dataset/2_197_org_voi.wav.png,org
Dataset/2_752_voi.wav.png,voi
Dataset/0_323_cel_vio_voi.wav.png,cel
Dataset/0_335_voi.wav.png,voi
Dataset/0_279_gac_gel.wav.png,gac
Dataset/2_52_org.wav.png,org
Dataset/2_113_gac_gel.wav.png,gac
Dataset/0_69_pia_sax_tru.wav.png,pia
Dataset/2_728_gel.wav.png,gel
Dataset/2_516_gel_org.wav.png,gel
Dataset/0_779_pia_tru.wav.png,pia
Dataset/2_97_pia.wav.png,pia
Dataset/0_12_voi.wav.png,voi
Dataset/0_499_gac.wav.png,gac
Dataset/0_801_gac.wav.png,gac
Dataset/2_239_gel.wav.png,gel
Dataset/2_50_org_voi.wav.png,org
Dataset/0_66_pia.wav.png,pia
Dataset/0_780_pia_tru.wav.png,pia
Dataset/0_619_pia.wav.png,pia
Dataset/0_281_gel_sax.wav.png,gel
Dataset/2_756_gel_org.wav.png,gel
Dataset/0_385_gac.wav.png,gac
Dataset/0_785_pia_sax_tru.wav.png,pia
Dataset/0_507_gac_vio.wav.png,gac
Dataset/0_29_gel_org_voi.wav.png,gel
Dataset/0_228_pia_tru.wav.png,pia
Dataset/2_115_gac_gel.wav.png,gac
Dataset/0_57_gac_voi.wav.png,gac
Dataset/0_610_gel.wav.png,gel
Dataset/2_610_flu_gel_pia.wav.png,flu
Dataset/0_119_pia_voi.wav.png,pia
Dataset/2_390_pia.wav.png,pia
Dataset/2_180_gel.wav.png,gel
Dataset/2_410_gel_voi.wav.png,gel
Dataset/2_295_vio.wav.png,vio
Dataset/2_604_gac_voi.wav.png,gac
Dataset/2_379_pia.wav.png,pia
Dataset/2_498_gac_voi.wav.png,gac
Dataset/2_575_voi.wav.png,voi
Dataset/0_527_gel_pia.wav.png,gel
Dataset/0_730_gel_voi.wav.png,gel
Dataset/0_227_pia_tru.wav.png,pia
Dataset/0_713_gel_org_sax.wav.png,gel
Dataset/0_231_gel_pia_voi.wav.png,gel
Dataset/2_726_gac_gel.wav.png,gac
Dataset/0_626_pia.wav.png,pia
Dataset/2_648_org_voi.wav.png,org
Dataset/0_524_voi.wav.png,voi
Dataset/0_715_gel_org_sax.wav.png,gel
Dataset/2_39_tru.wav.png,tru
Dataset/0_802_gac.wav.png,gac
Dataset/2_265_flu_gac.wav.png,flu
Dataset/2_592_gac.wav.png,gac
Dataset/2_445_gac.wav.png,gac
Dataset/2_567_voi.wav.png,voi
Dataset/2_304_vio.wav.png,vio
Dataset/0_105_pia.wav.png,pia
Dataset/0_368_gel_org.wav.png,gel
Dataset/0_543_gel_pia.wav.png,gel
Dataset/2_647_org_voi.wav.png,org
Dataset/0_286_gac_gel.wav.png,gac
Dataset/2_106_gac_gel.wav.png,gac
Dataset/2_367_pia.wav.png,pia
Dataset/2_36_tru.wav.png,tru
Dataset/0_176_pia_sax.wav.png,pia
Dataset/2_268_flu_gac.wav.png,flu
Dataset/0_306_pia_sax_tru.wav.png,pia
Dataset/2_249_gel.wav.png,gel
Dataset/0_446_gel_voi.wav.png,gel
Dataset/0_170_pia_sax.wav.png,pia
Dataset/0_79_pia.wav.png,pia
Dataset/0_558_voi.wav.png,voi
Dataset/0_743_flu_pia.wav.png,flu
Dataset/0_85_pia_tru.wav.png,pia
Dataset/0_747_flu.wav.png,flu
Dataset/2_469_gel.wav.png,gel
Dataset/2_502_gel_org_voi.wav.png,gel
Dataset/2_9_cel_vio.wav.png,cel
Dataset/0_404_pia.wav.png,pia
Dataset/2_670_cla_vio.wav.png,cla
Dataset/2_124_voi.wav.png,voi
Dataset/0_278_gac_gel_sax.wav.png,gac
Dataset/0_376_gac.wav.png,gac
Dataset/2_338_pia.wav.png,pia
Dataset/0_326_cel_voi.wav.png,cel
Dataset/2_741_flu_gel_vio.wav.png,flu
Dataset/2_688_cla.wav.png,cla
Dataset/2_68_pia_voi.wav.png,pia
Dataset/2_215_pia_sax.wav.png,pia
Dataset/0_441_gel.wav.png,gel
Dataset/2_298_vio.wav.png,vio
Dataset/2_272_pia_tru.wav.png,pia
Dataset/0_91_pia_voi.wav.png,pia
Dataset/0_46_gel.wav.png,gel
Dataset/2_563_voi.wav.png,voi
Dataset/2_2_cel_vio.wav.png,cel
Dataset/2_672_cla_vio.wav.png,cla
Dataset/2_642_org_voi.wav.png,org
Dataset/2_463_gel.wav.png,gel
Dataset/0_551_voi.wav.png,voi
Dataset/2_593_cla.wav.png,cla
Dataset/2_206_gac_pia.wav.png,gac
Dataset/2_655_gel_voi.wav.png,gel
Dataset/0_444_gel_voi.wav.png,gel
Dataset/0_409_pia_sax.wav.png,pia
Dataset/0_345_cel_vio.wav.png,cel
Dataset/0_248_pia.wav.png,pia
Dataset/2_273_pia_tru.wav.png,pia
Dataset/0_92_pia.wav.png,pia
Dataset/0_468_gac.wav.png,gac
Dataset/2_334_pia.wav.png,pia
Dataset/2_545_voi.wav.png,voi
Dataset/2_677_cla_vio.wav.png,cla
Dataset/0_70_pia_sax_tru.wav.png,pia
Dataset/0_280_gel_sax.wav.png,gel
Dataset/0_655_org.wav.png,org
Dataset/2_615_gac.wav.png,gac
Dataset/0_570_org_pia.wav.png,org
Dataset/2_301_vio.wav.png,vio
Dataset/2_18_gac_gel.wav.png,gac
Dataset/2_261_flu_gac.wav.png,flu
Dataset/0_526_gel_pia.wav.png,gel
Dataset/2_495_gac.wav.png,gac
Dataset/0_349_cel_vio_voi.wav.png,cel
Dataset/2_629_pia_voi.wav.png,pia
Dataset/2_276_pia_sax.wav.png,pia
Dataset/2_165_gel_pia.wav.png,gel
Dataset/0_269_gel_org.wav.png,gel
Dataset/2_320_vio.wav.png,vio
Dataset/2_403_gel_org_voi.wav.png,gel
Dataset/0_210_pia_sax.wav.png,pia
Dataset/0_339_cel_vio_voi.wav.png,cel
Dataset/2_286_pia_tru.wav.png,pia
Dataset/2_62_gel_tru_voi.wav.png,gel
Dataset/2_387_pia.wav.png,pia
Dataset/0_107_pia.wav.png,pia
Dataset/0_164_gac.wav.png,gac
Dataset/2_538_pia_sax.wav.png,pia
Dataset/2_576_voi.wav.png,voi
Dataset/0_562_org_pia_voi.wav.png,org
Dataset/0_520_gel_vio_voi.wav.png,gel
Dataset/2_698_pia.wav.png,pia
Dataset/2_475_gel_voi.wav.png,gel
Dataset/2_442_gac.wav.png,gac
Dataset/2_93_cla_pia.wav.png,cla
Dataset/0_172_pia_sax.wav.png,pia
Dataset/2_64_voi.wav.png,voi
Dataset/0_117_pia.wav.png,pia
Dataset/0_633_pia.wav.png,pia
Dataset/0_739_flu_pia.wav.png,flu
Dataset/0_314_pia_tru.wav.png,pia
Dataset/0_1_gel.wav.png,gel
Dataset/2_762_gel_org.wav.png,gel
Dataset/0_268_gel_org.wav.png,gel
Dataset/0_398_pia_sax.wav.png,pia
Dataset/2_356_pia.wav.png,pia
Dataset/2_289_pia.wav.png,pia
Dataset/0_628_pia_sax.wav.png,pia
Dataset/2_594_cla.wav.png,cla
Dataset/0_505_gac_gel.wav.png,gac
Dataset/2_694_pia.wav.png,pia
Dataset/0_364_gel_org_sax.wav.png,gel
Dataset/0_554_voi.wav.png,voi
Dataset/2_270_pia.wav.png,pia
Dataset/2_85_pia_sax_tru.wav.png,pia
Dataset/0_17_gel_voi.wav.png,gel
Dataset/0_171_pia_sax.wav.png,pia
Dataset/0_448_gel_voi.wav.png,gel
Dataset/2_376_pia.wav.png,pia
Dataset/0_578_gel.wav.png,gel
Dataset/2_727_gac_gel.wav.png,gac
Dataset/0_330_cel_vio_voi.wav.png,cel
Dataset/0_71_sax_tru.wav.png,sax
Dataset/2_429_pia_sax.wav.png,pia
Dataset/2_653_gel_voi.wav.png,gel
Dataset/2_675_cla_vio.wav.png,cla
Dataset/2_577_voi.wav.png,voi
Dataset/2_321_vio.wav.png,vio
Dataset/0_375_gac.wav.png,gac
Dataset/0_451_sax.wav.png,sax
Dataset/0_459_pia_sax_tru.wav.png,pia
Dataset/0_735_gel_voi.wav.png,gel
Dataset/0_58_voi.wav.png,voi
Dataset/2_129_gel_voi.wav.png,gel
Dataset/0_312_pia.wav.png,pia
Dataset/2_144_gel.wav.png,gel
Dataset/2_365_pia.wav.png,pia
Dataset/0_193_pia.wav.png,pia
Dataset/0_387_gac.wav.png,gac
Dataset/2_188_gel_org_voi.wav.png,gel
Dataset/2_148_pia.wav.png,pia
Dataset/2_12_cel_vio.wav.png,cel
Dataset/2_384_pia.wav.png,pia
Dataset/0_587_pia_tru.wav.png,pia
Dataset/0_74_pia_sax.wav.png,pia
Dataset/2_247_gel_voi.wav.png,gel
Dataset/0_394_gac.wav.png,gac
Dataset/0_672_pia_sax.wav.png,pia
Dataset/0_624_pia.wav.png,pia
Dataset/0_73_pia_sax.wav.png,pia
Dataset/0_233_gel_pia_voi.wav.png,gel
Dataset/0_421_gel_org.wav.png,gel
Dataset/2_646_gel_voi.wav.png,gel
Dataset/0_731_gel_voi.wav.png,gel
Dataset/2_583_gac.wav.png,gac
Dataset/0_150_gel_voi.wav.png,gel
Dataset/2_458_gel_voi.wav.png,gel
Dataset/0_447_gel.wav.png,gel
Dataset/0_541_gel_pia.wav.png,gel
Dataset/2_169_gel_pia_voi.wav.png,gel
Dataset/0_790_pia.wav.png,pia
Dataset/2_20_gac_voi.wav.png,gac
Dataset/0_683_pia_sax.wav.png,pia
Dataset/2_274_pia_tru.wav.png,pia
Dataset/2_543_gel_voi.wav.png,gel
Dataset/0_510_gac.wav.png,gac
Dataset/0_572_org_pia_voi.wav.png,org
Dataset/0_530_gel_pia.wav.png,gel
Dataset/2_678_vio.wav.png,vio
Dataset/2_167_gel_pia.wav.png,gel
Dataset/2_235_gel.wav.png,gel
Dataset/0_89_pia.wav.png,pia
Dataset/0_380_gac.wav.png,gac
Dataset/2_660_vio.wav.png,vio
Dataset/2_202_org_voi.wav.png,org
Dataset/2_14_cel_vio.wav.png,cel
Dataset/0_19_gel_voi.wav.png,gel
Dataset/2_509_gel_org.wav.png,gel
Dataset/2_746_gel_vio_voi.wav.png,gel
Dataset/2_146_pia.wav.png,pia
Dataset/2_537_pia_sax.wav.png,pia
Dataset/0_771_pia.wav.png,pia
Dataset/0_781_pia_sax.wav.png,pia
Dataset/2_457_gel.wav.png,gel
Dataset/2_661_vio.wav.png,vio
Dataset/0_567_org_pia_voi.wav.png,org
Dataset/0_634_pia_sax.wav.png,pia
Dataset/2_219_pia_sax.wav.png,pia
Dataset/2_703_gac.wav.png,gac
Dataset/2_347_pia.wav.png,pia
Dataset/0_741_pia.wav.png,pia
Dataset/2_153_pia_sax.wav.png,pia
Dataset/0_13_gel.wav.png,gel
Dataset/0_158_gac.wav.png,gac
Dataset/2_360_pia.wav.png,pia
Dataset/2_41_pia_tru.wav.png,pia
Dataset/2_297_vio.wav.png,vio
Dataset/0_678_pia_sax.wav.png,pia
Dataset/2_33_tru.wav.png,tru
Dataset/0_547_voi.wav.png,voi
Dataset/0_621_pia_sax.wav.png,pia
Dataset/2_584_gac.wav.png,gac
Dataset/2_158_pia.wav.png,pia
Dataset/0_754_voi.wav.png,voi
Dataset/0_34_gel_voi.wav.png,gel
Dataset/0_67_pia_sax_tru.wav.png,pia
Dataset/2_603_tru_voi.wav.png,tru
Dataset/0_239_pia_sax.wav.png,pia
Dataset/2_53_org.wav.png,org
Dataset/2_540_pia_sax.wav.png,pia
Dataset/2_369_pia.wav.png,pia
Dataset/0_136_gac_voi.wav.png,gac
Dataset/2_519_gel_org_voi.wav.png,gel
Dataset/2_350_pia.wav.png,pia
Dataset/0_635_pia_sax.wav.png,pia
Dataset/2_79_pia.wav.png,pia
Dataset/0_173_pia_sax.wav.png,pia
Dataset/0_199_voi.wav.png,voi
Dataset/2_423_pia_sax.wav.png,pia
Dataset/2_569_voi.wav.png,voi
Dataset/2_205_org.wav.png,org
Dataset/0_211_pia_sax.wav.png,pia
Dataset/2_13_cel_vio.wav.png,cel
Dataset/2_474_gel_voi.wav.png,gel
Dataset/0_630_pia_sax.wav.png,pia
Dataset/2_291_flu_pia.wav.png,flu
Dataset/2_166_gel_voi.wav.png,gel
Dataset/2_284_pia.wav.png,pia
Dataset/0_363_gel_org_sax.wav.png,gel
Dataset/0_390_gac.wav.png,gac
Dataset/2_375_pia.wav.png,pia
Dataset/2_220_pia_sax.wav.png,pia
Dataset/0_209_pia_tru.wav.png,pia
Dataset/0_402_pia.wav.png,pia
Dataset/0_400_pia.wav.png,pia
Dataset/0_691_pia.wav.png,pia
Dataset/2_221_org.wav.png,org
Dataset/2_77_pia_sax.wav.png,pia
Dataset/0_360_gel_org.wav.png,gel
Dataset/0_607_gel.wav.png,gel
Dataset/0_313_pia_tru.wav.png,pia
Dataset/2_556_voi.wav.png,voi
Dataset/2_43_pia.wav.png,pia
Dataset/2_59_gac_voi.wav.png,gac
Dataset/0_340_voi.wav.png,voi
Dataset/0_454_pia_sax_tru.wav.png,pia
Dataset/0_623_pia.wav.png,pia
Dataset/2_523_pia_sax.wav.png,pia
Dataset/0_643_pia.wav.png,pia
Dataset/0_249_pia.wav.png,pia
Dataset/2_118_gac_gel.wav.png,gac
Dataset/0_513_gac_vio.wav.png,gac
Dataset/0_273_gel_org.wav.png,gel
Dataset/0_114_pia_voi.wav.png,pia
Dataset/0_139_gel.wav.png,gel
Dataset/0_571_org_pia_voi.wav.png,org
Dataset/0_371_gel_org.wav.png,gel
Dataset/2_243_gel.wav.png,gel
Dataset/0_141_gel_voi.wav.png,gel
Dataset/0_327_cel_vio_voi.wav.png,cel
Dataset/0_640_pia.wav.png,pia
Dataset/2_207_gac_pia.wav.png,gac
Dataset/0_8_gel.wav.png,gel
Dataset/0_362_gel_org_sax.wav.png,gel
Dataset/2_676_vio.wav.png,vio
Dataset/0_508_gac.wav.png,gac
Dataset/2_674_vio.wav.png,vio
Dataset/2_393_gel_org_voi.wav.png,gel
Dataset/2_238_gel.wav.png,gel
Dataset/2_183_gel_org_voi.wav.png,gel
Dataset/2_292_flu_org_pia.wav.png,flu
Dataset/0_142_gel_voi.wav.png,gel
Dataset/0_222_pia.wav.png,pia
Dataset/0_283_gac_tru.wav.png,gac
Dataset/2_325_pia.wav.png,pia
Dataset/0_353_org_sax.wav.png,org
Dataset/0_660_org_voi.wav.png,org
Dataset/0_31_gel_voi.wav.png,gel
Dataset/0_498_flu_gac.wav.png,flu
Dataset/0_370_gel_org.wav.png,gel
Dataset/2_586_gac.wav.png,gac
Dataset/2_213_pia.wav.png,pia
Dataset/0_666_org.wav.png,org
Dataset/2_280_pia.wav.png,pia
Dataset/2_245_gel.wav.png,gel
Dataset/2_520_gel_org_voi.wav.png,gel
Dataset/0_478_gac_vio.wav.png,gac
Dataset/2_74_pia_tru.wav.png,pia
Dataset/0_783_pia_sax_tru.wav.png,pia
Dataset/0_676_pia_sax.wav.png,pia
Dataset/2_223_gel_voi.wav.png,gel
Dataset/0_287_gac_gel_tru.wav.png,gac
Dataset/0_749_gel_pia.wav.png,gel
Dataset/0_502_flu_gac.wav.png,flu
Dataset/0_515_gel_voi.wav.png,gel
Dataset/0_88_vio.wav.png,vio
Dataset/0_245_pia_tru.wav.png,pia
Dataset/2_32_gac_voi.wav.png,gac
Dataset/2_341_pia.wav.png,pia
Dataset/0_347_cel_vio_voi.wav.png,cel
Dataset/0_693_pia.wav.png,pia
Dataset/0_357_gel_org.wav.png,gel
Dataset/0_778_pia_tru.wav.png,pia
Dataset/0_805_gac.wav.png,gac
Dataset/0_566_org_pia_voi.wav.png,org
Dataset/2_196_org_voi.wav.png,org
Dataset/0_740_pia.wav.png,pia
Dataset/2_561_voi.wav.png,voi
Dataset/2_723_flu_gel.wav.png,flu
Dataset/2_368_pia.wav.png,pia
Dataset/0_276_gel_sax_tru.wav.png,gel
Dataset/2_141_gel_voi.wav.png,gel
Dataset/0_755_voi.wav.png,voi
Dataset/0_411_pia_sax.wav.png,pia
Dataset/0_277_gac_gel.wav.png,gac
Dataset/0_564_gel_org_pia.wav.png,gel
Dataset/0_466_pia_sax_tru.wav.png,pia
Dataset/0_548_gel.wav.png,gel
Dataset/0_146_gel_voi.wav.png,gel
Dataset/0_202_voi.wav.png,voi
Dataset/2_671_vio.wav.png,vio
Dataset/2_506_gel_org_voi.wav.png,gel
Dataset/0_684_pia_tru.wav.png,pia
Dataset/2_119_gac_gel.wav.png,gac
Dataset/2_438_gac_gel.wav.png,gac
Dataset/2_408_gel_pia.wav.png,gel
Dataset/0_797_cla.wav.png,cla
Dataset/0_259_pia.wav.png,pia
Dataset/2_40_tru.wav.png,tru
Dataset/0_130_gac_voi.wav.png,gac
Dataset/2_122_gac_gel.wav.png,gac
Dataset/0_579_gel.wav.png,gel
Dataset/0_241_pia_tru.wav.png,pia
Dataset/2_471_gel.wav.png,gel
Dataset/2_684_vio.wav.png,vio
Dataset/0_263_pia_sax.wav.png,pia
Dataset/0_437_gel.wav.png,gel
Dataset/0_159_gac.wav.png,gac
Dataset/2_486_gac_voi.wav.png,gac
Dataset/0_664_org.wav.png,org
Dataset/0_149_gel_voi.wav.png,gel
Dataset/0_455_pia_sax_tru.wav.png,pia
Dataset/0_413_pia_sax.wav.png,pia
Dataset/0_6_gel_voi.wav.png,gel
Dataset/0_553_voi.wav.png,voi
Dataset/2_525_pia.wav.png,pia
Dataset/0_738_pia.wav.png,pia
Dataset/0_174_pia_sax.wav.png,pia
Dataset/2_391_pia.wav.png,pia
Dataset/2_428_pia_sax.wav.png,pia
Dataset/2_151_pia_sax.wav.png,pia
Dataset/0_708_gel_org.wav.png,gel
Dataset/2_257_gac.wav.png,gac
Dataset/0_443_gel.wav.png,gel
Dataset/0_355_org_sax.wav.png,org
Dataset/2_194_org_voi.wav.png,org
Dataset/0_680_pia_sax.wav.png,pia
Dataset/2_639_org_voi.wav.png,org
Dataset/0_484_gac_vio.wav.png,gac
Dataset/2_112_gac_gel.wav.png,gac
Dataset/2_37_tru.wav.png,tru
Dataset/2_189_gel_org_voi.wav.png,gel
Dataset/0_188_pia_sax.wav.png,pia
Dataset/0_94_pia_voi.wav.png,pia
Dataset/2_483_voi.wav.png,voi
Dataset/2_440_voi.wav.png,voi
Dataset/2_145_gel.wav.png,gel
Dataset/0_168_voi.wav.png,voi
Dataset/2_322_vio.wav.png,vio
Dataset/0_184_pia_sax.wav.png,pia
Dataset/0_115_pia_voi.wav.png,pia
Dataset/0_252_pia.wav.png,pia
Dataset/0_542_gel_pia.wav.png,gel
Dataset/2_353_pia.wav.png,pia
Dataset/2_191_org_voi.wav.png,org
Dataset/2_344_pia.wav.png,pia
Dataset/0_701_pia_sax.wav.png,pia
Dataset/0_391_gac.wav.png,gac
Dataset/2_476_gel_voi.wav.png,gel
Dataset/0_223_pia.wav.png,pia
Dataset/0_72_pia_sax_tru.wav.png,pia
Dataset/0_39_gel_voi.wav.png,gel
Dataset/0_637_pia_sax.wav.png,pia
Dataset/0_593_flu_gel_pia.wav.png,flu
Dataset/0_47_gel.wav.png,gel
Dataset/0_600_flu_gel_pia_tru.wav.png,flu
Dataset/2_98_pia.wav.png,pia
Dataset/0_789_pia.wav.png,pia
Dataset/0_430_gac_voi.wav.png,gac
Dataset/2_361_pia.wav.png,pia
Dataset/2_130_gel.wav.png,gel
Dataset/2_461_gel.wav.png,gel
Dataset/2_22_gac_gel.wav.png,gac
Dataset/2_587_gac.wav.png,gac
Dataset/0_361_gel_org.wav.png,gel
Dataset/0_465_sax_voi.wav.png,sax
Dataset/0_321_voi.wav.png,voi
Dataset/0_236_gel_pia.wav.png,gel
Dataset/2_419_pia_sax.wav.png,pia
Dataset/0_613_gel.wav.png,gel
Dataset/2_499_gac.wav.png,gac
Dataset/0_234_gel_pia_voi.wav.png,gel
Dataset/0_0_gel.wav.png,gel
Dataset/0_212_pia_sax.wav.png,pia
Dataset/2_315_vio.wav.png,vio
Dataset/2_609_gel_voi.wav.png,gel
Dataset/2_656_vio.wav.png,vio
Dataset/0_622_pia.wav.png,pia
Dataset/0_651_pia.wav.png,pia
Dataset/2_512_gel_org_voi.wav.png,gel
Dataset/2_708_flu_gac_org.wav.png,flu
Dataset/0_399_pia.wav.png,pia
Dataset/2_422_pia_sax.wav.png,pia
Dataset/2_489_gac_voi.wav.png,gac
Dataset/0_190_pia.wav.png,pia
Dataset/2_665_cla_vio.wav.png,cla
Dataset/2_747_flu_gel.wav.png,flu
Dataset/0_40_gel_org_voi.wav.png,gel
Dataset/2_487_gac_voi.wav.png,gac
Dataset/2_73_pia.wav.png,pia
Dataset/2_285_pia.wav.png,pia
Dataset/2_389_pia.wav.png,pia
Dataset/0_299_gel_tru.wav.png,gel
Dataset/0_606_gel.wav.png,gel
Dataset/0_99_pia_voi.wav.png,pia
Dataset/2_332_pia.wav.png,pia
Dataset/2_590_gac.wav.png,gac
Dataset/2_552_gel_org_voi.wav.png,gel
Dataset/2_278_pia_sax.wav.png,pia
Dataset/0_81_sax_tru.wav.png,sax
Dataset/0_615_gel_voi.wav.png,gel
Dataset/2_679_vio.wav.png,vio
Dataset/2_143_gel_voi.wav.png,gel
Dataset/2_313_vio.wav.png,vio
Dataset/0_82_pia_sax_tru.wav.png,pia
Dataset/0_53_gac_voi.wav.png,gac
Dataset/0_599_flu_gel_pia_tru.wav.png,flu
Dataset/2_482_voi.wav.png,voi
Dataset/2_689_cla.wav.png,cla
Dataset/2_732_gac_gel.wav.png,gac
Dataset/2_721_gel_sax.wav.png,gel
Dataset/2_565_voi.wav.png,voi
Dataset/0_291_gac_tru.wav.png,gac
Dataset/2_710_gac_gel.wav.png,gac
Dataset/0_160_gac.wav.png,gac
Dataset/0_769_sax_tru.wav.png,sax
Dataset/2_108_gac_gel_pia.wav.png,gac
Dataset/2_385_pia.wav.png,pia
Dataset/0_208_pia_tru.wav.png,pia
Dataset/0_109_pia_voi.wav.png,pia
Dataset/0_49_gac_voi.wav.png,gac
Dataset/0_772_pia_sax.wav.png,pia
Dataset/0_101_pia_voi.wav.png,pia
Dataset/2_500_gel_org.wav.png,gel
Dataset/2_380_pia.wav.png,pia
Dataset/0_532_gel_pia.wav.png,gel
Dataset/0_315_pia.wav.png,pia
Dataset/0_434_gel_voi.wav.png,gel
Dataset/2_208_gac_pia.wav.png,gac
Dataset/2_133_gac.wav.png,gac
Dataset/2_687_cla_vio.wav.png,cla
Dataset/0_653_org.wav.png,org
Dataset/2_75_pia.wav.png,pia
Dataset/0_309_pia_sax_tru.wav.png,pia
Dataset/0_492_gac_vio.wav.png,gac
Dataset/2_462_gel.wav.png,gel
Dataset/2_193_org_voi.wav.png,org
Dataset/2_185_gel_org_voi.wav.png,gel
Dataset/2_491_gac_voi.wav.png,gac
Dataset/2_657_vio.wav.png,vio
Dataset/0_191_pia.wav.png,pia
Dataset/0_18_gel_voi.wav.png,gel
Dataset/2_203_org_voi.wav.png,org
Dataset/0_55_gac_voi.wav.png,gac
Dataset/2_754_voi.wav.png,voi
Dataset/0_111_pia.wav.png,pia
Dataset/2_717_flu_gel_sax.wav.png,flu
Dataset/0_561_org_pia_voi.wav.png,org
Dataset/0_317_flu.wav.png,flu
Dataset/0_135_gac_voi.wav.png,gac
Dataset/2_497_gac.wav.png,gac
Dataset/0_679_pia_sax.wav.png,pia
